{
  "project_info": {
    "project_number": "973845329291",
    "project_id": "practica7iot-fcf16",
    "storage_bucket": "practica7iot-fcf16.appspot.com"
  },
  "client": [
    {
      "client_info": {
        "mobilesdk_app_id": "1:973845329291:android:15f5014e458d359ccd6b8e",
        "android_client_info": {
          "package_name": "com.example.testubi2"
        }
      },
      "oauth_client": [
        {
          "client_id": "973845329291-focouod3faucp7o2piihdrgd1enbkuce.apps.googleusercontent.com",
          "client_type": 1,
          "android_info": {
            "package_name": "com.example.testubi2",
            "certificate_hash": "c7b3f2ed1f4777fac6b4bdf18b1bb760419179f7"
          }
        },
        {
          "client_id": "973845329291-nflh75t31a8nibsdei6gqfchhe46606g.apps.googleusercontent.com",
          "client_type": 3
        }
      ],
      "api_key": [
        {
          "current_key": "AIzaSyDx1q8fNhxo9b6lZMl1xoO5dovdUdPqKNw"
        }
      ],
      "services": {
        "appinvite_service": {
          "other_platform_oauth_client": [
            {
              "client_id": "973845329291-nflh75t31a8nibsdei6gqfchhe46606g.apps.googleusercontent.com",
              "client_type": 3
            }
          ]
        }
      }
    }
  ],
  "configuration_version": "1"
}